OUTDOOR,SOCIAL,CONSERVATIVE,JOB
10,22,5,Mechanic
14,17,6,Mechanic
19,33,7,Mechanic
14,29,12,Mechanic
14,25,7,Mechanic
20,25,12,Mechanic
6,18,4,Mechanic
13,27,7,Mechanic
18,31,9,Mechanic
16,35,13,Mechanic
17,25,8,Mechanic
10,29,11,Mechanic
17,25,7,Mechanic
10,22,13,Mechanic
10,31,13,Mechanic
18,25,5,Mechanic
0,27,11,Mechanic
10,24,12,Mechanic
15,23,10,Mechanic
8,29,14,Mechanic
6,27,11,Mechanic
10,17,8,Mechanic
1,30,6,Mechanic
14,29,7,Mechanic
13,21,11,Mechanic
21,31,11,Mechanic
12,26,9,Mechanic
12,22,9,Mechanic
5,25,7,Mechanic
10,24,5,Mechanic
3,20,14,Mechanic
6,25,12,Mechanic
11,27,10,Mechanic
13,21,14,Mechanic
11,23,5,Mechanic
8,18,8,Mechanic
5,17,9,Mechanic
11,22,11,Mechanic
14,22,11,Mechanic
22,22,6,Mechanic
16,28,6,Mechanic
12,25,8,Mechanic
12,25,7,Mechanic
15,21,4,Mechanic
11,28,8,Mechanic
11,20,9,Mechanic
15,19,9,Mechanic
15,24,7,Mechanic
15,21,10,Mechanic
17,26,7,Mechanic
12,28,13,Mechanic
7,28,12,Mechanic
14,12,6,Mechanic
22,24,6,Mechanic
22,27,12,Mechanic
18,30,9,Mechanic
16,18,5,Mechanic
12,23,4,Mechanic
16,22,2,Mechanic
15,26,9,Mechanic
7,13,7,Mechanic
6,18,6,Mechanic
9,24,6,Mechanic
9,20,12,Mechanic
20,28,8,Mechanic
5,22,15,Mechanic
14,26,17,Mechanic
8,28,12,Mechanic
14,22,9,Mechanic
15,26,4,Mechanic
15,25,10,Mechanic
14,27,6,Mechanic
15,25,11,Mechanic
11,26,9,Mechanic
10,28,5,Mechanic
7,22,10,Mechanic
11,15,12,Mechanic
14,25,15,Mechanic
18,28,7,Mechanic
14,29,8,Mechanic
17,20,6,Mechanic
13,25,14,Mechanic
9,21,12,Mechanic
13,26,13,Mechanic
16,24,10,Mechanic
20,27,6,Customer Service
21,15,10,Customer Service
15,27,12,Customer Service
15,29,8,Customer Service
11,25,11,Customer Service
24,9,17,Customer Service
18,21,13,Customer Service
14,18,4,Customer Service
13,22,12,Customer Service
17,21,9,Customer Service
16,28,13,Customer Service
15,22,12,Customer Service
24,20,15,Customer Service
14,19,13,Customer Service
14,28,1,Customer Service
18,17,11,Customer Service
14,24,7,Customer Service
12,16,10,Customer Service
16,21,10,Customer Service
18,19,9,Customer Service
19,26,7,Customer Service
13,20,10,Customer Service
28,16,10,Customer Service
17,19,11,Customer Service
24,14,7,Customer Service
19,23,12,Customer Service
22,12,8,Customer Service
22,21,11,Customer Service
21,19,9,Customer Service
18,24,13,Customer Service
23,27,11,Customer Service
20,23,12,Customer Service
19,13,7,Customer Service
17,28,13,Customer Service
20,24,5,Customer Service
21,23,11,Customer Service
17,21,15,Customer Service
11,25,12,Customer Service
14,19,14,Customer Service
18,24,5,Customer Service
13,14,7,Customer Service
22,18,16,Customer Service
25,17,13,Customer Service
19,25,13,Customer Service
20,20,9,Customer Service
21,25,11,Customer Service
17,24,11,Customer Service
18,26,10,Customer Service
21,29,11,Customer Service
17,21,12,Customer Service
17,19,12,Customer Service
17,16,6,Customer Service
16,22,5,Customer Service
22,19,10,Customer Service
19,23,12,Customer Service
16,23,9,Customer Service
18,27,11,Customer Service
21,24,12,Customer Service
15,22,13,Customer Service
19,26,12,Customer Service
14,17,11,Customer Service
15,23,7,Customer Service
23,20,16,Customer Service
22,26,15,Customer Service
13,16,11,Customer Service
25,29,11,Customer Service
23,24,7,Customer Service
17,29,9,Customer Service
21,19,7,Customer Service
15,13,6,Customer Service
19,27,14,Customer Service
22,24,14,Customer Service
17,18,8,Customer Service
21,19,8,Customer Service
24,18,13,Customer Service
21,12,9,Customer Service
15,17,8,Customer Service
24,22,14,Customer Service
19,19,7,Customer Service
23,16,10,Customer Service
21,29,12,Customer Service
20,19,11,Customer Service
18,28,0,Customer Service
23,21,16,Customer Service
17,17,8,Customer Service
17,24,5,Customer Service
17,18,15,Customer Service
17,23,10,Customer Service
19,15,10,Customer Service
17,20,8,Customer Service
25,20,8,Customer Service
16,19,8,Customer Service
19,16,6,Customer Service
